aix,ajax
ajax3,ajax
algorithms,algorithm
amazone,amazon
analyse,analyses
analysers,analyses
analysing,analyses
analysisfamiliar,analyses
analystabout,analyses
analystfocus,analyses
analysts,analyses
analytic,analyses
analytical,analyses
analytically,analyses
analytics,analyses
analyzed,analyses
analyzer,analyses
analyzers,analyses
analyzes,analyses
andorid,android
andriod,android
androidapp,android
androidhttp,android
androidios,android
androind,android
angular,angularjs
anorid,android
apps,app
architectural,architects
architectures,architects
assembiy,assmebly
assembled,assmebly
assembler,assmebly
assembling,assmebly
assemblybios,assmebly
autocad1,autocad
autodesk,autocad
automate,automation
automated,automation
automating,automation
automotive,automation
bachelors,bachelor
backbone,backbonejs
backed,backend
bashshel,bash
bootstrapangularjsmvc,bootstrap
bootstrapexperience,bootstrap
browserfamiliar,browser
browserify,browser
browsers,browser
browserstrong,browser
c+,c++
classified,classification
cleanliness,cleaning
cleansing,cleaning
cluster,clustering
clusters,clustering
coffeescriptexperience,coffeescript
compile,compiler
compiled,compiler
compilers,compiler
compiling,compiler
completed,compiler
completes,compiler
completing,compiler
completion,compiler
compliant,compiler
complies,compiler
compress,compression
consoles,console
consultancy,consulting
consultants,consulting
consultation,consulting
consultative,consulting
controllers,controller
css1,css
css3,css
debug,debugging
debuggingthe,debugging
debugs,debugging
decode,decoding
decoder,decoding
devops,devop
diagramming,diagram
diagrams,diagram
documentations,documentation
documentationsrequirements,documentation
documented,documentation
documenting,documentation
documents,documentation
dreamwaver,dreamweaver
dreamweave,dreamweaver
embed,embedded
embeded,embedded
ethercat,ethernet
firewall12,firewall
firewallcacti,firewall
firewalll,firewall
firewalls,firewall
firwall,firewall
frameworks,framwork
fw,firmware
github,git
githubexperience,git
gp,gpgpu
graph,gpgpu
graphic,gpgpu
graphics,gpgpu
hibernatejpa,hibernate
hibernet,hibernate
hiveql,hive
hypervisors,hypervisor
java1,java
java2,java
javabean,java
javac,java
javascrip,javascript
javascript4,javascript
javascriptasp,javascript
javascriptself,javascript
javasscript,javascript
jekins,jenkins
js,javascript
knockout,knockoutjs
labviewc,labview
laravl,laravel
linuxc,linux
linuxlanguage,linux
liunx,linux
mango,mongodb
mangodb,mongodb
mcba,mcdba
mpeg1,mpeg
mssqlserver,mssql
multithreading,multithread
mvc2,mvc
mysql1,mysql
mysqlerp,mysql
mysqlhtml,mysql
mysqlmssqlfirebird,mysql
mysqlplus,mysql
mysqlsql,mysql
node,nodejs
obj,objective-c
objective c,objective-c
optimizationcomputation,optimization
optimizations,optimization
orace,oracle
oracel,oracle
oracle1,oracle
oracle11goracle12c,oracle
oraclecim,oracle
oracleerp,oracle
oraclejde,oracle
oracleos,oracle
orcale,oracle
orcle,oracle
pb,pbd
pbd1,pbd
pbd2,pbd
pbd3,pbd
pbd4,pbd
php5,php
php7,php
phpcms,php
phphtml,php
phpmyadmin,php
phpmysql,php
phpmysqllinux,php
phpphp,php
phpwind,php
ps,photoshop
pythonc,python
pythonexpert,python
pythonlinux,python
qatester,qa
router,router
routers,router
routines,router
routing,router
scdma,schemadesign
schedma,schemadesign
schema,schemadesign
schemas,schemadesign
schematic,schemadesign
schematics,schemadesign
servlet,
servlets,servlet
socketio,socket
sockets,socket
struts1,struts
struts2,struts
struts2hibernate,struts
struts2hibernatezend,struts
strutshibernate,struts
strutus,struts
tomcatadvantage,tomcat
tomcatnginxbindnfs,tomcat
tomcatweblogic,tomcat
unixl,unix
vb,visual basic
visualisation,visualization
vmare,vmware
vmware1,vmware
workstations,workstation
